id,en,fr
noun_1,Ambipom,Capidextre
noun_2,Dartrix,Efflèche
noun_3,Malamar,Sepiatroce
noun_4,Bounsweet,Croquine
noun_5,Obelix,Obélix
noun_6,Fendmender,Réparkrass
noun_7,Dustbrawler,Balayur
noun_8,Klink,Tic
noun_9,Dimflight,Vigidente
noun_10,Cliff hanger,Au bord du gouffre
noun_11,Durant,Fermite
noun_12,dungbomb,bombabouse
noun_13,Seel,Otaria
noun_14,Crockadowndilly,Alligrasporcs
noun_15,Aurorus,Dragmara
noun_16,Medicham,Méditikka
noun_17,Fulliautomatix,Cétautomatix
noun_18,Heatmor,Aflamanoir
noun_19,Maggey Byrde,Maguy Loiseau
noun_20,Larvesta,Pyronille
noun_21,Omastar,Amonistar
noun_22,Morelull,Spododo
noun_23,Chandelure,Lugulabre
noun_24,Charjabug,Chrysapile
noun_25,Beheeyem,Neitram
noun_26,Vase-tly overpowered,Accident vase-culaire
noun_27,Gladgut,Ventreureu
noun_28,Frogadier,Croâporal
noun_29,Choleric,Coudetric
noun_30,pepper imp,Gnome au poivre
noun_31,Flaaffy,Lainergie
noun_32,Hushbogle,Calmeffroi
noun_33,Thermostatix,Pronostix
noun_34,Devolver,Devolver
noun_35,Jellicent,Moyade
noun_36,Hawlucha,Brutalibré
noun_37,Rock 'n' goal,"D'une pierre, deux coups"
noun_38,An ice idea,Une idée qui ne laisse pas de glace
noun_39,Machop,Machoc
noun_40,Escavalier,Lançargot
noun_41,Ruffrunner,Vifagile
noun_42,Mimikyu,Mimiqui
noun_43,Gundromeda Strain,Souche Gundromède
noun_44,Boneshedder,Métamorph-os
noun_45,Plunger,Morto-Piqueur
noun_46,Lil' Bomber,Bombergun
noun_47,Pansear,Flamajou
noun_48,Esoteric,Périféric
noun_49,Quilava,Feurisson
noun_50,Empoleon,Pingoléon
noun_51,Macaroon,Mac Oloch
noun_52,Fearow,Rapasdepic
noun_53,Monferno,Chimpenfeu
noun_54,Shieldon,Dinoclier
noun_55,Claydol,Kaorine
noun_56,Slurpuff,Cupcanaille
noun_57,Drizzile,Arrozard
noun_58,Twiddly diddly,Infinitésifaible
noun_59,Sableye,Ténéfix
noun_60,Bruxish,Denticrisse
noun_61,Crustacius,Gracchus Cétinconcensus
noun_62,Clauncher,Flingouste
noun_63,Crookshanks,Pattenrond
noun_64,Mudkip,Gobou
noun_65,Bookllet,Grimoire
noun_66,Dee Vasquez,Dee Vasquez
noun_67,Grimmauld Place,Square Grimmaurd
noun_68,Arcanine,Arcanin
noun_69,Sandile,Mascaïman
noun_70,Gothita,Scrutella
noun_71,Pangoro,Pandarbare
noun_72,Nihilego,Zéroïd
noun_73,Copsekeep,Gardebois
noun_74,Dewpider,Araqua
noun_75,Felix Platypus,Caius Aérobus
noun_76,screechsnap,cricasse
noun_77,Fibster,Bobardeur
noun_78,Will Powers,Gustavo Lonté
noun_79,Pikipek,Picassaut
noun_80,Flobberworm,Veracrasse
noun_81,Magcargo,Volcaropod
noun_82,Aparecium,aparecium
noun_83,Stonjourner,Dolman
noun_84,Hydreigon,Trioxhydre
noun_85,Mourning Star,Étoile du Malin
noun_86,Ivy University,Université Henri Baucout
noun_87,Bicarbonatofsoda,Boufiltre
noun_88,Snivy,Vipélierre
noun_89,Scrofulus,Biscornus
noun_90,Delibird,Cadoizo
noun_91,Magnumopus,Savancosinus
noun_92,Sendervictorius,Ziguépus
noun_93,Primeape,Colossinge
noun_94,Fibbing,Bobarder
noun_95,Weavile,Dimoret
noun_96,Coppertop,Dracuivre
noun_97,Super Meat Gun,Motarme de la Viandarmerie
noun_98,Boltund,Fulgudog
noun_99,Dreadnaw,Torgamord
noun_100,Cufant,Charibari
noun_101,acromantula,acromentule
noun_102,Hogwarts,Poudlard
noun_103,Dreepy,Fantyrm
noun_104,Palossand,Trépassable
noun_105,Flapple,Pomdrapi
noun_106,Amoonguss,Gaulet
noun_107,Fickelgruber,Fickelgruber
noun_108,Ekonomikrisis,Epidemaïs
noun_109,Carkol,Wagomine
noun_110,Dratini,Minidraco
noun_111,Breloom,Chapignon
noun_112,Metric,Téléféric
noun_113,Burple,Bourboul
noun_114,Huntail,Serpang
noun_115,revelio,revelio
noun_116,Relashio,Lashlabask
noun_117,Mrs Norris,Miss Teigne
noun_118,Boarcharger,Sanglibourre
noun_119,scrofungulus,Scrofulite
noun_120,pensieve,pensine
noun_121,Egg Blossom,Flori-oeuf
noun_122,Hushbogle,Calmeffroi 
noun_123,Getafix,Panoramix
noun_124,Rampardos,Charkos
noun_125,Veruca Salt,Veruca Salt
noun_126,Spewpa,Pérégrain
noun_127,Adipus,Yenapus
noun_128,Polysyllabix,Petitélégrafix
noun_129,Toucannon,Bazoucan
noun_130,Panpour,Flotajou
noun_131,Gnawhelm,Masticask
noun_132,Fishfingus,Petilarus
noun_133,Finneon,Écayon
noun_134,Fizzy Lifting Drinks,Boissons gazeuses aérodynamiques
noun_135,Dewott,Mateloutre
noun_136,Skrelp,Venalgue
noun_137,Scabbers,Croûtard 
noun_138,Frosmoth,Beldeneige
noun_139,Vaniluxe,Sorbouboul
noun_140,Cleffa,Mélo
noun_141,acid pop,suçacides
noun_142,Professor Sprout,Professeur Chourave
noun_143,Ignoramus,Absolumentexclus
noun_144,Joltalon,Serréclair
noun_145,Egg Biter,Crokoeuf
noun_146,Binacle,Opermine
noun_147,Weedle,Aspicot
noun_148,Pinsir,Scarabrute
noun_149,Audino,Nanméouïe
noun_150,Sealeo,Phogleur
noun_151,Grubbin,Larvibule
noun_152,Cody Hackins,Kévin Miron
noun_153,Mopey-Slick,Mord Bidik
noun_154,Sliggoo,Colimucus
noun_155,Chartooth,Calcicroc
noun_156,Arrokuda,Embrochet
noun_157,Slowking,Roigada
noun_158,Fuselier,Mèche Rebelle
noun_159,Lactus Bifidus,Lactus Bifidus
noun_160,Gulpin,Gloupti
noun_161,Colorcrunch,Croqmatisme
noun_162,Tunafix,Maître Panix
noun_163,Dawnstar,Aurétoile
noun_164,Felix Felicis,Felix Felicis
noun_165,Weezing,Smogogo
noun_166,Wingnut,Voldur
noun_167,Archaeopterix,Archéoptérix
noun_168,Espurr,Psystigri
noun_169,Xurkitree,Câblifère
noun_170,Glummy,Savourable
noun_171,Cinderace,Pyrobut
noun_172,blast-ended skrewt,scroutt à pétard
noun_173,Bravura,Maestria
noun_174,Eelektrik,Lampéroie
noun_175,Swalot,Avaltout
noun_176,Poppilio,Otaquin
noun_177,Hamfeist,Festimposteur
noun_178,Ikea,Vikéa
,Grape expectations,Qui eût cru que ce vin fût un bon cru ?
,official,2
noun_180,Kricketune,Mélokrik
noun_181,floo powder,poudre de cheminette
noun_182,Ini Miney,Inès Sperey
noun_183,Pineco,Pomdepik
noun_184,Meowstic,Mistigrix
noun_185,arresto momentum,Arresto Momentum
noun_186,Trashcannon,Tire Sélectif
noun_187,Dubwool,Moumouflon
noun_188,Swinub,Marcacrin
noun_189,Shinx,Lixy
noun_190,fizzing whizbee,Fizwizbiz
noun_191,Elvis Preslix,Elvis Preslix
noun_192,Galesplitter,Brisevent
noun_193,Gunjurer,Enchantueur
noun_194,Artifis,Amonbofis
noun_195,Snorunt,Stalgamin
noun_196,portkey,portoloin
noun_197,Tartaric,Théoric
noun_198,Parceltongue,fourchelang
noun_199,Grim Hornettle,Ortinistre
noun_200,Grimmel the Grisly,Grimmel Le Grave
noun_201,Swizzfiggling ,Fanfaronner des sornettes
noun_202,Metagross,Métalosse
noun_203,Hippodumplings,Hippogrossesdames
noun_204,Larvitar,Embrylex
noun_205,No… It's impossachievable…,Non... C'est impovisageable...
noun_206,Purugly,Chaffreux
noun_207,Illumise,Lumivole
noun_208,Minior,Météno 
noun_209,Piloswine,Cochignon
noun_210,After a fashion,La mode se porte plutôt mal
noun_211,Grookey,Ouistempo
noun_212,Deepfreeze,Grogel
,Glazier,Souffleglace
,official,1
noun_214,Fletching,Passerouge
noun_215,Lake Skater,Deaudouss
noun_216,Silicobra,Dunaja
noun_217,Grovyle,Massko
noun_218,Crobat,Nostenfer
noun_219,Marcus Ubiquitus,Marcus Cubitus
noun_220,Herdier,Ponchien
noun_221,Ledian,Coxyclaque
noun_222,Slitherwing Island,Île des Serpentailes
noun_223,Conkeldurr,Bétochef
noun_224,Obstagoon,Ixon
noun_225,Prickleboggle,Piqueffroi 
noun_226,Clobbopus,Poulpaf
noun_227,Gurdurr,Ouvrifier
noun_228,Bulbasaur,Bulbizarre
noun_229,Firsthaf,Dactilograf
noun_230,Sunflora,Héliatronc
noun_231,AKEY-47,AKLÉ-47
noun_232,Thwackey,Badabouin
noun_233,Melonquarry,Attrape-melon
noun_234,Poochyena,Medhyèna
noun_235,Vitalstatistix,Abraracourcix
noun_236,Jewelbilant,Joyause
noun_237,Sewaddle,Larveyette
noun_238,Skele-Gro,poussos
noun_239,Budbite,Morsuredami
noun_240,Helioptile,Galvaran
noun_241,Stufful,Nounourson
noun_242,Zebstrika,Zéblitz
noun_243,Jestbelter,Mélopitre
noun_244,Drilbur,Rototaupe
noun_245,Hurribane,Tempeste
noun_246,Lotta Hart,Eva Cozésouci
noun_247,Umbreon,Noctali
noun_248,Unscrupulus,Radius
noun_249,Dunsparce,Insolourdo
noun_250,Krustler,Catchcroute
noun_251,Wizbang,Magibang
noun_252,Glummy,Miamifique
noun_253,Scarlatina,Galantine
noun_254,Duskgust,Crépusouffle
noun_255,Unmistakably Beefeater,Le plus « in » des gins
noun_256,Kilnkin,Lézardent
noun_257,petrificus totalus,petrificus totalus
noun_258,Aerodactyl,Ptéra
noun_259,Pidgeot,Roucarnage
noun_260,Gobstinker,Rétrotempête
noun_261,Noxius Vapus,Tullius Fanfrelus
noun_262,It inhales,L’aspirant champion !
noun_263,Bouffalant,Frison
noun_264,Cawmour,Pyrovolant
noun_265,Scyther,Insécateur
noun_266,Charsoul,Calcinâme
noun_267,Frostfang,Givregriffe
noun_268,Griphook,Gripsec
noun_269,Naganadel,Mandrillon
noun_270,Madam Hooch,Madame Bibine
noun_271,Thunderpede,Piédetonnerre
noun_272,Wormadam,Cheniselle
noun_273,Hobgobbler,Globegobeur 
noun_274,Borgin,Barjow
noun_275,Combusken,Galifeu
noun_276,Gengar,Ectoplasma
noun_277,Nodepositon el Sodasiphon,Lachélechampignon y Causon
noun_278,Coaldron,Flamarmite
noun_279,Swadloon,Couverdure
noun_280,Mobilicorpus,Mobilicorpus
noun_281,What a champ,Quel champion
noun_282,The Manhugger,L'étouffe-chrétien
noun_283,Wonkavision studio,La salle au chocolat télévisé
noun_284,Histrionix,Comix
noun_285,fanged frisbee,frisbee à dents de serpent
noun_286,Deino,Solochi
noun_287,Shuppet,Polichombr
noun_288,fever fudge,berlingot de fièvre
noun_289,Rockruff,Rocabot
noun_290,Noibat,Sonistrelle
noun_291,Steenee,Candine
noun_292,Wobbuffet,Qulbutoké
noun_293,Raboot,Lapyro
noun_294,Godric Gryffindor,Godric Gryffondor
noun_295,Krookodile,Crocorible
noun_296,Bonestormer,Tempêtos
noun_297,Staryu,Stari
noun_298,Thunderbottom,Dertonnerre 
noun_299,Cassius Ceramix,Aplusbegalix
noun_300,The Gizzardgulper,Le gobeur de gésiers
noun_301,Nebulus Nimbus,Langélus
noun_302,(C)ouch,Sofa...ïe
noun_303,Jynx,Lippoutou
noun_304,Salazar Slytherin,Salazar Serpentard
noun_305,Grim Slipsmolder,Moisiglisse Sombre
noun_306,Froakie,Grenousse
noun_307,Simipour,Flotoutan
noun_308,Mandibuzz,Vaututrice
noun_309,Compendium,Petibonum
noun_310,Bacteria,Iélosubmarine
noun_311,Tyrunt,Ptyranidur
noun_312,gobstone,bavboule
noun_313,gurdyroot,ravegourde
noun_314,Buizel,Mustébouée
noun_315,Drakloak,Dispareptil
noun_316,Beautifly,Charmillon
noun_317,Carnivine,Vortente
noun_318,Lashbane,Skelettaile
,Trumpquake ,Trumplement de terre
,official,2
noun_320,Cofagrigus,Tutankafer
noun_321,Deathgripper,Agrippemort
noun_322,Covecharger,Élecrique
noun_323,Chiddlers,Écoulier
noun_324,Gyarados,Léviator
noun_325,Deafening Dawnbrawler,Rixhaube assourdissante
noun_326,Penelope Clearwater,Pénélope Deauclaire
noun_327,Polytechnix,Elèvedelix
noun_328,Thundurus,Fulguris
noun_329,Romanian Longhorn,Cornelongue roumain
noun_330,Wormtail,Queudver
noun_331,Bludgeon Knapper,Volcoups
noun_332,Voltbeat,Muciole
noun_333,Geodude,Racaillou
noun_334,Snom,Frissonille
noun_335,Fool's-Gold,Ordéfou
noun_336,Reparifarge,"Réparifagex
"
noun_337,Mawdrill,Creusecroc
noun_338,Venonat,Mimitoss
noun_339,Orthopaedix,Orthopédix
noun_340,Goodra,Muplodocus
noun_341,Ludo Bagman,Ludo Verpey
noun_342,Ucky-mucky,Hachis-charpie
noun_343,Death Eaters,Mangemorts
noun_344,Rhydon,Rhinoféros
noun_345,Nincada,Ningale
noun_346,Froslass,Momartik
noun_347,Blissey,Leuphorie
noun_348,Port in 1,Un 1-port-un
noun_349,Trapinch,Kraknoix
noun_350,Shelly De Killer,Bernick De Killer
noun_351,Raticate,Rattatac
noun_352,Geriatrix,Agecanonix
noun_353,Poisonus Fungus,Encorutilfaluquejelesus
noun_354,Grim Gamper,Intempériaile
noun_355,Cadaverus,Faitexcus
noun_356,Rookidee,Minisange
noun_357,Golem,Grolem
noun_358,Unhygienix,Ordralfabétix
noun_359,Mudgut,Brouteboue
noun_360,Fang,Crockdur
noun_361,Baltix,Harenbaltix
noun_362,Money the Monkey,Money le singe
noun_363,April May,Masha Vril
noun_364,It figures,Tout compte fait
noun_365,Apidistra,Rosaépine
noun_366,Eggfang,Amoureoeuf
noun_367,Meowth,Miaouss
noun_368,pepper-up,pimentine
noun_369,Valueaddedtax,Septantesix
noun_370,Ivysaur,Herbizarre
noun_371,Winston Payne,Victor Boulay 
noun_372,The Childchewer,Le mâcheur d'enfant
noun_373,Seaography,Mérographie
noun_374,Sawk,Karaclée
noun_375,Spotty Powder,Poudre à boutons
noun_376,Ariados,Migalos
noun_377,Gunsinger,Cloportuniste
noun_378,Whosmoralsarelastix,Moralélastix
noun_379,Buffalord,Aristoro
noun_380,Tazie,Taiseur
noun_381,unspeakable,Langue-de-plomb
noun_382,Golduck,Akwakwak
noun_383,Machoke,Machopeur
noun_384,Unicorn Horn,Corne de Licorne
noun_385,Necronomodon,Necronomicroc
noun_386,Wingardium Leviosa,wingardium leviosa
noun_387,Golurk,Golemastoc
noun_388,Seismitoad,Crapustule
noun_389,Jack Hammer,Jacques Hammer
noun_390,Shroomish,Balignon
noun_391,Skwovet,Rongourmand
noun_392,Codfix,Acidenitrix
noun_393,Gatling Gull,Canardeur
noun_394,Orinjade,Rahãzade
noun_395,Dusknoir,Noctunoir
noun_396,fainting fancies,petit-fours tourndeloeil
noun_397,Windgnasher,Grognevent
noun_398,Satiric,Satiric
noun_399,Probopass,Tarinorme
noun_400,Scrumdiddlyumptious,Savouricieux
noun_401,Gorebyss,Rosabyss
noun_402,Turtwig,Tortipouss
noun_403,Frank Sahwit ,Frank Khavu
noun_404,Litwick,Funécire
noun_405,Psyduck,Psykokwak
noun_406,Tadsilweny,Tadsylwine
noun_407,Peruvian Vipertooth,Dent-de-vipère du Pérou
noun_408,Knockturn Alley,Allée des Embrumes
noun_409,Cursola,Corayôme
noun_410,Reuniclus,Symbios
noun_411,Shellder,Kokiyas
noun_412,Dhelmise,Sinistrail
noun_413,Torchic,Poussifeu
noun_414,Salandit,Tritox
noun_415,Tangrowth,Bouldeneu
noun_416,Argus Filch,Argus Rusard
noun_417,Kidsnatch,Kidnatrappé
noun_418,Howdoo,Pourkoipàh
noun_419,Skuntank,Moufflair
noun_420,Goomy,Mucuscule
noun_421,Magnemite,Magnéti
noun_422,Officer Meekins,Agent Ballaud
noun_423,Broderick Bode,Broderick Moroz
noun_424,Cranidos,Kranidos
noun_425,Lil' Bomber,Bombardine
noun_426,Talonflame,Flambusard
noun_427,Stinger,Stinger
noun_428,Mega Douser,Megarroseur
noun_429,Squib,Cracmol-lle
noun_430,Nearly Headless Nick,Nick Quasi-Sans-Tête
noun_431,Muk,Grotadmorv
noun_432,Wishiwashi,Froussardine
noun_433,Bombwelter,Roulebombe
noun_434,Bergmite,Grelaçon
noun_435,Feebas,Barpau
noun_436,Bellsprout,Chétiflor
noun_437,Operatix,Boulimix
noun_438,Charizard,Dracaufeu
noun_439,Prodnose,Prodnose
noun_440,Chillblade,Froilame
noun_441,bludger,cognard
noun_442,Moaning Myrtle,Mimi Geignarde
noun_443,Swellow,Hélédelle
noun_444,Slakoth,Parecool
noun_445,Skarmory,Airmure
noun_446,Gible,Griknot
noun_447,ELECTRA SOL-ved,ELECTRA SOL-ution
noun_448,Skrill,Ecrevasse
noun_449,Blicktnix,Simplebasix
noun_450,Inkay,Sepiatop
noun_451,Simisage,Feuilloutan
noun_452,Impervius,Impervius
noun_453,Volcarona,Pyrax
noun_454,Poliwhirl,Tétarte
noun_455,Crimea River,Marche ou Kiev !
noun_456,Ammoconda,Armaconda
noun_457,Cascoon,Blindalys
noun_458,thestral,sombral
noun_459,Misdreavus,Feufôrêve
noun_460,Chilldrake,Canarebelle
noun_461,mudblood,Sang de Bourbe
noun_462,Fanghook,Ferkroche
noun_463,Sitting ovation,Ovation assise
noun_464,Meathead Islands,Îles Andouillettes
noun_465,Chinchou,Loupio
noun_466,Torkoal,Chartor
noun_467,Windshear,Sonovent
noun_468,Hair unapparent,L’héritier présomptif n’a plus de tifs
noun_469,Munchlax,Goinfrex
noun_470,knut,noise
noun_471,Ice Cap,Calotte Glaciaire
noun_472,Homunculus,Montladsus
noun_473,Staravia,Étourvol
noun_474,Frobscottle,Frétibulle
noun_475,Buzzwole,Mouscoto
noun_476,Cindy Rock ,Cindy Stroï 
noun_477,Pidove,Poichigeon
noun_478,Chimerical Chamomeleon,Le Camoufléon fantastique
noun_479,Zweilous,Diamat
noun_480,Shotbow,Automarbalète
noun_481,Moocheling and footcheling,Traînailler et flânouiller
noun_482,Spheal,Obalie
noun_483,Combee,Apitrini
noun_484,Snozzberries,Flageoises
noun_485,Turner Grey,Paul Afforme
noun_486,Cosmoem,Cosmovum
noun_487,Falinks,Hexadron
noun_488,Influenza,Coriza
noun_489,Absolutlifabulos,Hyapados
noun_490,Harmhug,Toxicâline
noun_491,Scatterbug,Lépidonille
noun_492,JK-47,MDR-47
noun_493,Infernape,Simiabraz
noun_494,dirigible plum,prune dirigeable
noun_495,Joltik,Statitik
noun_496,Ex-Squeeze me,J'vous demande pardon ? 
noun_497,Episkey,Episkey
noun_498,Krokorok,Escroco
noun_499,Smeargle,Queulorior
noun_500,Wynaut,Okéoké
noun_501,Cantankerus,Nenpeuplus
noun_502,Gothorita,Mesmérella
noun_503,Tynamo,Anchwatt
noun_504,Bonsly,Manzaï
noun_505,Linoone,Linéon
noun_506,Grapploct,Krakos
noun_507,Chespin,Marisson
noun_508,Neville Longbottom,Neville Londubat
noun_509,Celestina Warbeck,Celestina Moldubec
noun_510,Hogsmeade,Pré au Lard
noun_511,Electrivire,Élekable
noun_512,Vaporeon,Aquali
noun_513,Dracozolt,Galvagon
noun_514,Wendy Oldbag,Flavie Eïchouette
noun_515,Chewtle,Khélocrok
noun_516,Vitriolix,Acidcloridrix
noun_517,Ammomancer,Nécroballomancien
noun_518,Mankey,Férosinge
noun_519,Axewing,Ailetranchante
noun_520,Weasley’s Wizard Wheezes,"Weasley, Farces pour sorciers facétieux"
noun_521,Stan Shunpike,Stan Rocade
noun_522,Dragunfire,Feu du Dragun
noun_523,Quivering Heights,Les hauts de tremblements
noun_524,Kingdra,Hyporoi
noun_525,Wyskix,Ouiskix
noun_526,Radius,Faimoiducuscus
noun_527,Oricorio,Plumeline
noun_528,Petilil,Chlorobule
noun_529,Kubfu,Wushours
noun_530,inferius,inferius
noun_531,Electric,Electric
noun_532,Armorwing Island,Île des Ailarmés
noun_533,Nuzleaf,Pifeuil
noun_534,Starpew,Arroseur à rosée
noun_535,Snakemaker,Serpenteur
noun_536,Aguamenti,Aguamenti
noun_537,Ben &Trilo Quist,Yvan Triloque & Michael Heurtarive
noun_538,Patrat,Ratentif
noun_539,Boneywasawarriorwayayix,Ocatarinetabellatchitchix
noun_540,Farfetch'd,Canarticho
noun_541,Spinarak,Mimigal
noun_542,Magmortar,Maganon
noun_543,Sectumsempra,Sectumsempra
noun_544,Alomomola,Mamanbo
noun_545,Bogus Genius,Bonusmalus
noun_546,Dewdrop,Chasserosée
noun_547,Clamperl,Coquiperl
noun_548,Analgesix,Analgésix
noun_549,I scream,Crime glacé
noun_550,Bucolix,Déboitemenduménix
noun_551,Crismus Bonus,Caius Bonus
noun_552,Häräldwilssen,Neuillisursen
noun_553,Pansage,Feuillajou
noun_554,Hippowdon,Hippodocus
noun_555,Confoundtheirpolitix,Doublepolémix
noun_556,Liberacorpus,Liberacorpus
noun_557,Bizarregoyle,Bizargouille
noun_558,Marowak,Ossatueur
noun_559,spattergroit,Éclabouille
noun_560,Whismur,Chuchmur
noun_561,Barraskewda,Hastacuda
noun_562,Graveler,Gravalanch
noun_563,flutterby bush,plante à pipaillon
noun_564,Gladrag’s Wizardwear,Gaichiffon
noun_565,Blitzle,Zébibron
noun_566,Fennekin,Feunnec
noun_567,Fawkes,Fumseck
noun_568,Scizor,Cizayox
noun_569,Dronkeys ,Dragobourricots
noun_570,Blacephalon,Pierroteknik
noun_571,Devius Surreptitus,Caius Soutienmordicus
noun_572,Roggenrola,Nodulithe
noun_573,O'veroptimistix,O'Torinolaringologix
noun_574,Electrike,Dynavolt
noun_575,Babblement,Bavardinage
noun_576,Sandshrew,Sabelette
noun_577,Ghaslit,Combugasse
noun_578,Surskit,Arakdo
noun_579,Fishlegs Ingerman,Varek Ingerman
noun_580,Gunderfury,Arme-Tonnerre
noun_581,Kandy & Kane,Zukre et Dorze
noun_582,Gogoat,Chevroum
noun_583,Slugworth,Slugworth
noun_584,Abomasnow,Blizzaroi
noun_585,Aegislash,Exagide
noun_586,Scolipede,Brutapode
noun_587,Rhetoric,Cloridric
noun_588,All you need,Visa Ça va
noun_589,Yamask,Tutafeh
noun_590,Scorbunny,Flambino
noun_591,imperius,Imperium
noun_592,Charmander,Salamèche
noun_593,Plimpy,Boullu
noun_594,Lickitung,Excelangue
noun_595,Loudred,Ramboum
noun_596,Uxie,Créhelf
noun_597,Claudius Omnibus,Claudius Métrobus
noun_598,veela,vélane
noun_599,Willy Wonka,Willy Wonka
noun_600,Alarte Ascendare,Volate Ascendere
noun_601,Human beans,Hommes de terre
noun_602,Irontooth,Krodefer
noun_603,Blaziken,Braségali
noun_604,iBomb Companion App,Appli de détonation d'iBombes
noun_605,Machamp,Mackogneur
noun_606,Glisseo,Glisseo
noun_607,Obsequius,Namaspamus
noun_608,Astronomix,Astronomix
noun_609,Syrian killer,Tueur en Syrie
noun_610,Tirtouga,Carapagos
noun_611,Riddikulus,Riddikulus
noun_612,Ripwrecker,Destrukteur 
noun_613,Speed Stinger,Vélocidard 
noun_614,Greedent,Rongrigou
noun_615,Operachorus,Chorus
noun_616,Minun,Négapi
noun_617,GREASEHOLE,TAUDHUILE
noun_618,Cottonee,Douvouvet
noun_619,Nøgøødreässen,Målsen
noun_620,Tranquill,Colombeau
noun_621,Starly,Étourmi
noun_622,Seaking,Poissoroy
noun_623,Dracovish,Hydragon
noun_624,Mareanie,Vorastérie
noun_625,Minccino,Chinchidou
noun_626,Spitelout Jorgenson,Mastok Jorgenson
noun_627,puffapod,champifleur
noun_628,Kreacher,Kreattur
noun_629,Hitmontee,Kicklee
noun_630,Sandaconda,Dunaconda
noun_631,Circumbendibus,Lucius Coquelus
noun_632,The Fleshlumpeater ,L'avaleur de chair fraîche
noun_633,Dusclops,Téraclope
noun_634,Strodelling,Gambadiller
noun_635,Grumpig,Groret
noun_636,Snowdrake,Froid'canard
noun_637,Watziznehm,Kiçàh
noun_638,R2G2,R2G2
noun_639,Scrumdiddlyumptious,Délexquisavouricieux
noun_640,Blobulin,Blobulin
noun_641,Dubbledekabus,Abribus
noun_642,Adrenalin,Adrénaline
noun_643,Castform,Morphéo
noun_644,Sirfetch'd,Palarticho
noun_645,Mad-Eye Moody,Maugrey Fol-Œil
noun_646,Matt Engarde,Matt Engarde
noun_647,Komala,Dodoala
noun_648,Fightsabre,Mitrailleuse Jedi
noun_649,Snaptrapper,Rapidopiège
noun_650,Boldore,Géolithe
noun_651,Happiny,Ptiravi
noun_652,Exeggutor,Noadkoko
noun_653,Ekans,Abo
noun_654,Fightsabre,Épée-flingue
noun_655,Elgyem,Lewsor
noun_656,Huevos y Bacon,Soupalognon y Crouton
noun_657,Villanus,Plexus
noun_658,Cradily,Vacilys
noun_659,Tortuous Convolvulos,Lucius Détritus
noun_660,Frostbiter,Mord-Givre
noun_661,Noctowl,Noarfang
noun_662,Sunkern,Tournegrin
noun_663,The Bloodbottler,Le buveur de sang
noun_664,Gobber the Belch,Gueulfor
noun_665,Voltknapper,Pikpokwatt
noun_666,Applin,Verpom
noun_667,Eatable Marshmallow Pillows,Oreillers mangeables en guimauve
noun_668,Prehistoric,Histéric
noun_669,Centiskorch,Scolocendre
noun_670,Basculin,Bargantua
noun_671,Hoppip,Granivol
noun_672,Venusaur,Florizarre
noun_673,Fuzzbucket,Bouldepoil
noun_674,Crustacius,Gracchus Cétinconsensus
noun_675,Beachcomber,Pilleplage
noun_676,Vanillite,Sorbébé
noun_677,Gabite,Carmache
noun_678,Pyukumuku,Concombaffe
noun_679,Arbok,Arbok
noun_680,Lampent,Mélancolux
noun_681,Mantyke,Babimanta
noun_682,Glastrier,Blizzeval
noun_683,Kricketot,Crikzik
noun_684,Fireworm Island,Île des Verenflammes
noun_685,Aron,Galekid
noun_686,Frostfright,Effraigel
noun_687,Origuni,Origarmi
noun_688,Abba,Abba
noun_689,Excadrill,Minotaupe
noun_690,Flaredawn,Flaurore
noun_691,Rufflet,Furaiglon
noun_692,Alcremie,Charmilly
noun_693,Clawitzer,Gamblast
noun_694,Lonewood,Boisolé
noun_695,Karrablast,Carabing
noun_696,Staraptor,Étouraptor
noun_697,Vermicious Knids,Kpoux Vermicieux
noun_698,Photogenix,Bellodalix
noun_699,Carbink,Strassie
noun_700,Sorting hat,Choixpeau magique
noun_701,Igglybuff,Toudoudou
noun_702,Milcery,Crèmy
noun_703,Bisharp,Scalproie
noun_704,Winesanspirix,Alambix
noun_705,Squirtle,Carapuce
noun_706,Trogglehumper,Troglopompes
noun_707,Sceptile,Jungko
noun_708,Bidoof,Keunotor
noun_709,Firescrapes,Égratiflammes
noun_710,Treecko,Arcko
noun_711,Lurantis,Floramantis
noun_712,Hitmonchan,Tygnon
noun_713,Clumpty clumpty clumpt,Polotop polotop
noun_714,Trevenant,Desséliande
noun_715,Venipede,Venipatte
noun_716,Manstinger,Percemain 
noun_717,Hat trick,Tour du chapeau
noun_718,Quagsire,Maraiste
noun_719,Stinger,Bazoo-dard
noun_720,Tear Jerker,Larmes à feu
noun_721,Clefairy,Mélofée
noun_722,Slugma,Limagma
noun_723,Halcyard,Douxéclat
noun_724,Patches and Mendy,Patches et Mendy
noun_725,Duosion,Méios
noun_726,Caterpie,Chenipan
noun_727,nosebleed nougats,nougats néansang
noun_728,Padfoot,Patmol
noun_729,Bibarel,Castorno
noun_730,Wurst,Patathor
noun_731,Boneknapper,Pikpoketos
noun_732,Postaldistrix,Pneumatix
noun_733,Insalubrius,Briseradius
noun_734,Smothering Smokebreath,Souffle Fumimortel
noun_735,Floeshot,Icebang
noun_736,Vespiquen,Apireine
noun_737,Totodile,Kaiminus
noun_738,ascendio,Ascendio
noun_739,Superfluous,Pacotéalargus
noun_740,Newton Scamander,Norbert Dragonneau
noun_741,Giveusabonus,Travaillerpluspourgagnerplus
noun_742,Crustle,Crabaraque
noun_743,McAnix,Mac Anothérapix
noun_744,Dawnbite,Mordaurore
noun_745,Virizion,Viridium
noun_746,Frostgnaw,Rongivre
noun_747,Goregutter,Étrigore 
noun_748,Whirlipede,Scobolide
noun_749,Koffing,Smogo
noun_750,Lilipup,Ponchiot
noun_751,Chipolata,Chipolata
noun_752,Eviscereaper,Eviceraptor
noun_753,Moony,Lunard
noun_754,Mosster,Vert Kiroul
noun_755,Homeopathix,Homéopatix
noun_756,dementor,détraqueur
noun_757,Hotshot,Tirelarigo
noun_758,Watchog,Miradar
noun_759,Timburr,Charpenti
noun_760,Runerigus,Tutétékri
noun_761,Dewgong,Lamantine
noun_762,Cursula,Malédirsula
noun_763,Knight Bus,Magicobus
noun_764,Dragonair,Draco
noun_765,Radio squeaker,Radiorapporteur
noun_766,Icky-poo,Nauséabeurk
noun_767,Slowbro,Flagadoss
noun_768,Rictusempra,Rictusempra
noun_769,cauldron cake,fondant du chaudron
noun_770,Shellos,Sancoki
noun_771,Mamoswine,Mammochon
noun_772,Holey Grail,Sacreux Graal
noun_773,Eelektross,Ohmassacre
noun_774,Typhoomerang,Typhonmrang 
noun_775,Glaivedriver,Planteglaive
noun_776,Gun Fairy,Fée d'armes
noun_777,Basket Case,Neufdepak
noun_778,Shelgon,Drackhaus
noun_779,Waddiwasi,Waddiwasi
noun_780,Ampharos,Pharamp
noun_781,Greninja,Amphinobi
noun_782,Bombshee,Fée Carabombe
noun_783,Atlantix,Arrierboutix
noun_784,Swablu,Tylton
noun_785,Golisopod,Sarmuraï
noun_786,Vanilla,Gélatine
noun_787,Fomantis,Mimantis
noun_788,Shiinotic,Lampignon
noun_789,Melodrama,Fanzine
noun_790,Cobalion,Cobaltium
noun_791,Madam Puddifoot’s,Madame Pieddodu
noun_792,Cool cats,Nitrogly-chat-rine
noun_793,Glaceon,Givrali
noun_794,Torracat,Matoufeu
noun_795,Rowlet,Brindibou
noun_796,Diagnostix,Diagnostix
noun_797,Nescaf,Batdaf
noun_798,Sizzlepan,Poêle à frire
noun_799,Mothim,Papilord
noun_800,Cheesemonger,Toutakhanut
noun_801,Chatot,Pijako
noun_802,Nadder,Vipère
noun_803,Poipole,Vémini
noun_804,Venomoth,Aéromite
noun_805,Barbaracle,Golgopathe
noun_806,Garchomp,Carchacrok
noun_807,Phantump,Brocélôme
noun_808,Pidgeotto,Roucoups
noun_809,Triple Stryke,Triplattak
noun_810,Swanna,Lakmécygne
noun_811,Furfrou,Couafarel
noun_812,Harmonix,Allégorix
noun_813,Trashcannon,Tire-Ordures
noun_814,Mudsdale,Bourrinos
noun_815,Pincurchin,Wattapik
noun_816,Unfezant,Déflaisan
noun_817,Face Melter,Amplificatueur
noun_818,Furret,Fouinar
noun_819,Shotgun Coffee,Ballacafé
noun_820,Spiritzee,Fluvetin
noun_821,Cacofonix,Assurancetourix
noun_822,Lycanwing Island,Île des Lycanailes
noun_823,skiving snackbox,boîte à flemme
noun_824,Mintjulep,Ginfis
noun_825,Walrein,Kaimorse
noun_826,Prawnsinaspix,Catédralgotix
noun_827,Caius Pusillanimus,Caius Joligibus
noun_828,Nefarius Purpus,Hotelterminus
noun_829,Braixen,Roussil
noun_830,Uckyslush,Exécrignobles
noun_831,Mobiliarbus,Mobiliarbus
noun_832,The Unexpected Side,Les à-côtés bien cotés
noun_833,Phizzwizard,Tintinnabuleur
noun_834,Cutiefly,Bombydou
noun_835,Dugtrio,Triopikeur
noun_836,The Quibbler,Le Chicaneur
noun_837,Flystorm,Pantête
noun_838,Slimeball,Baviboule
noun_839,Vexatius Sinusitus,Claudius Malosinus
noun_840,Litten,Flamiaou
noun_841,fanged geranium,géranium dentu
noun_842,Guzzlord,Engloutyran
noun_843,Araquanid,Tarenbulle
noun_844,Almondine,Amandette
noun_845,flitterbloom,voltiflor
noun_846,gillyweed,branchiflore
noun_847,Swoobat,Rhinolove
noun_848,Mike Teavee,Mike Teavee
noun_849,Titus Crapulus,Ballondebaudrus
noun_850,Meatlug,Bouledogre
noun_851,Shedinja,Munja
noun_852,Yamper,Voltoutou
noun_853,Unhealthix,Oftalmologix
noun_854,Sethisbackup,Tumehéris
noun_855,Asterix,Astérix
noun_856,Cloyster,Crustabri
noun_857,Fireshrike,Pie-de-feu
noun_858,Levicorpus,Levicorpus
noun_859,Piplup,Tiplouf
noun_860,Showbusinus,Guilus
noun_861,animagus,animagus
noun_862,Ironhide,Cuirassofer
noun_863,Floatzel,Mustéflott
noun_864,Wigglytuff,Grodoudou
noun_865,Corsola,Corayon
noun_866,Gothitelle,Sidérella
noun_867,Hungarian Horntail,Magyar à pointes
noun_868,Inteleon,Lézargus
noun_869,Sandygast,Bacabouh
noun_870,Smart haircolour,"Brillant, ce colorant !"
noun_871,Grimtorn,Sombrumeux Sombre
noun_872,Madam Malkin,Madame Guipure
noun_873,Yanni Yogi,Yanni Yogi
noun_874,cockroach clusters,nids de cafards
noun_875,Cubone,Osselait
noun_876,Pidgey,Roucool
noun_877,Groundsplitter,Fendeur terrestre
noun_878,Moltres,Sulfura
noun_879,Muddlehunt,Cherchembrouille
noun_880,Sigilyph,Cryptéro
noun_881,Horsea,Hypotrempe
noun_882,jelly slug,gomme de limace
noun_883,Goldenslumbus,Quintilius
noun_884,Scourgify,Recurvite
noun_885,Bumbullets,Balle Essaim
noun_886,Silvally,Silvallié
noun_887,Courtingdisastus,Sciencinfus
noun_888,Nosepass,Tarinor
noun_889,Deerling,Vivaldaim
noun_890,Buzzbuggers,Bavardouillages
noun_891,Seadra,Hypocéan
noun_892,apparition,transplanage
noun_893,Hurleqast,Arlecrainte
noun_894,Arteriosclerosus,Pamplemus
noun_895,Wooloo,Moumouton
noun_896,Sandslash,Sablaireau
noun_897,Madam Pomfrey,Pompom Pomfresh
noun_898,Soporifix,Plantaquatix
noun_899,mumblemumps,Oreillongoules
noun_900,Mudbray,Tiboudet
noun_901,Yungoos,Manglouton
noun_902,Bagon,Draby
noun_903,Copperajah,Pachyradjah
noun_904,Sylveon,Nymphali
noun_905,Sobble,Laméléon
noun_906,Raucus Hallelujachorus,Fercorus
noun_907,Marshtomp,Flobio
noun_908,Locomotor,Locomotor
noun_909,Illegibilus,Illegibilus
noun_910,Unpatriotix,Quatrédeusix
noun_911,Murkrow,Cornèbre
noun_912,Snozzcumbers ,Schnockombres
noun_913,Solrock,Solaroc
noun_914,Serperior,Majaspic
noun_915,Gloomshadow,Obscurombre
noun_916,Whizzpoppers,Crépitage
noun_917,Olaf Timandahaf,Olaf Grossebaf
noun_918,Tympole,Tritonde
noun_919,Hotti Clinic,Clinique Sashoff
noun_920,Silcoon,Armulys
noun_921,Tenansix,Cétyounix
noun_922,Lycanroc,Lougaroc
noun_923,Kartana,Katagami
noun_924,Foehammer,Martelrival
noun_925,Gastrodon,Tritosor
noun_926,Goldrush,Ruélor
noun_927,Vodka goes platinum,"Platinum, la vodka à son summum"
noun_928,Anticlimax,Jolitorax
noun_929,Wartortle,Carabaffe
noun_930,Semiautomatix,Cétaubofix
noun_931,Beartic,Polagriffe
noun_932,Pawniard,Scalpion
noun_933,Hackagift,Crackadeau
noun_934,Choléramorbus,Choléramorbus
noun_935,occlumency,occlumancie
noun_936,Anvillain,Enclumator
noun_937,Bewear,Chelours
noun_938,Huntsman,Fusache
noun_939,Gnarley,Dragorge
noun_940,All ported,Frais de port inclus
noun_941,Diglett,Taupiqueur
noun_942,Mawile,Mysdibule
noun_943,Sentret,Fouinette
noun_944,Budew,Rozbouton
noun_945,Brionne,Otarlette
noun_946,Perfidius,Suelburnus
noun_947,Ledyba,Coxy
noun_948,Dirt-Hurler,Empoussiiérator
noun_949,Ferrosthorn,Noacier
noun_950,Thievul,Roublenard
noun_951,Prongs,Cornedrue
noun_952,Deathstrand,Tissemort 
noun_953,Trubbish,Miamiasme
noun_954,Axew,Coupenotte
noun_955,Tsareena,Sucreine
noun_956,Crismus Cactus,Julius Epinedecactus
noun_957,Magikarp,Magicarpe
noun_958,Florean Fortescue,Florian Fortarôme
noun_959,Foongus,Trompignon
noun_960,Frillish,Viskuse
noun_961,Suffix,Barométrix
noun_962,Yoofoh,noveuni
noun_963,Sinistea,Théffroi
noun_964,Bunkumhouse,Parc à fractions
noun_965,Taillow,Nirondelle
noun_966,Flareon,Pyroli
noun_967,Doublade,Dimoclès
noun_968,Justforkix,Goudurix
noun_969,Caius Eucaliptus,Caius Eucaliptus
noun_970,Gunbow,Arcaballe
noun_971,Rapidash,Galopa
noun_972,Sappheral,Saphéroce
noun_973,Dustox,Papinox
noun_974,Shuckle,Caratroc
noun_975,Shotgat,Chauve-Fusil
noun_976,Stantler,Cerfrousse
noun_977,Slaking,Monaflémit
noun_978,Gritpicker,Ramassmiet
noun_979,Stunfisk,Limonde
noun_980,howler,beuglante
noun_981,Decidueye,Archéduc
noun_982,Larry Butz,Paul Defès
noun_983,Gossip Land,Ragots à gogo
noun_984,Bellatrix Lestrange,Bellatrix Lestrange
noun_985,Turbonator,Boumata
noun_986,Woobat,Chovsourir
noun_987,Hookfire,Krochefeu
noun_988,Stoutland,Mastouffe
noun_989,Pancham,Pandespiègle
noun_990,Mystery,le Grimoire
noun_991,Excaliber,Excalibre
noun_992,Frostfire,Flambegel
noun_993,arithmancy,Arithmancie
noun_994,Chansey,Leveinard
noun_995,Mightyena,Grahyèna
noun_996,Eiscue,Bekaglaçon
noun_997,Whimsicott,Farfaduvet
noun_998,Landorus,Démétéros
noun_999,Harry Butz,Paulo
noun_1000,Sawsbuck,Haydaim
noun_1001,Cinccino,Pashmilla
noun_1002,Herendethelessen,Kerøsen
noun_1003,Zangoose,Mangriff
noun_1004,Odiuscømpärissen,Øbsen
noun_1005,Toxapex,Prédastérie
noun_1006,Odius Asparagus,Caligula Alavacomgetepus
noun_1007,Manectric,Élecsprint
noun_1008,Terrakion,Terrakium
noun_1009,Chesnaught,Blindépique
noun_1010,Gruffnut Thorston,Têtedur Thorston
noun_1011,Eccentric,Casseurdebric
noun_1012,Amaura,Amagara
noun_1013,Acoustix,Aventurépix
noun_1014,Encyclopaedicus Britannicus,Caius Roideprus
noun_1015,Accelgor,Limaspeed
noun_1016,Golett,Gringolem
noun_1017,Dragon pox,dragoncelle
noun_1018,Humplecrimp,Frisabosse
noun_1019,Purrrfect putt,Swing félin
noun_1020,Spider ball,Araignée ballon
noun_1021,Duskull,Skelénox
noun_1022,Oshawott,Moustillon
noun_1023,Gastly,Fantominus
noun_1024,Helga Hufflepuff,Helga Poufsouffle
noun_1025,Honedge,Monorpale
noun_1026,Electabuzz,Élektek
noun_1027,Winguli,Goélise
noun_1028,Trumbeak,Piclairon
noun_1029,Butterfree,Papilusion
noun_1030,Arctovish,Hydragla
noun_1031,Expelliarmus,Expelliarmus
noun_1032,Snotlout Jorgenson,Rustik Jorgenson
noun_1033,Ukrainian Ironbelly,Pansedefer ukrainien
noun_1034,Heracross,Scarhino
noun_1035,Varius Flavus,Gracchus Garovirus
noun_1036,Fletchinder,Braisillon
noun_1037,Wallmonger,La Muraille de Machines
noun_1038,Shockjaw,Électrochoc 
noun_1039,Wurmple,Chenipotte
noun_1040,Uptotrix,Odalix
noun_1041,Palpitoad,Batracné
noun_1042,Fibrositus,Quelquilfus
noun_1043,Grimmsnarl,Angoliath
noun_1044,Caius Fatuous,Caius Obtus
noun_1045,Sizzlipede,Grifflepattes
noun_1046,Puffskein,Boursouf
noun_1047,gubraithian fire,feu de sempremais
noun_1048,Dogmatix,Idéfix
noun_1049,Everlasting Gobstopper,Chewing-gum qui ne perd jamais son goût
noun_1050,Zigzagoon,Zigzaton
noun_1051,Sal Manella,Sal Monello
noun_1052,Kangaskhan,Kangourex
noun_1053,Jolteon,Voltali
noun_1054,Gumshoos,Argouste
noun_1055,Toothless,Krokmou
noun_1056,Pupitar,Ymphect
noun_1057,Jigglypuff,Rondoudou
noun_1058,Mesprit,Créfollet
noun_1059,Avalugg,Séracrawl
noun_1060,Impedimenta,Bonemine
noun_1061,Julius Monotonus,Julius Humérus
noun_1062,Polteageist,Polthégeist
noun_1063,Elimentaler,Demmentaleur
noun_1064,Synergrace,Synergrace
noun_1065,Gliscor,Scorvol
noun_1066,Dungeon Eagle,Donjon Eagle
noun_1067,Overanxius,Lucius Fleurdelotus
noun_1068,Dragapult,Lanssorien
noun_1069,Druddigon,Drakkarmin
noun_1070,Snortax,Ronflex
noun_1071,Coldkiller X,Pludrum X
noun_1072,Caius Preposterus,Caius Saugrenus
noun_1073,Berserker Bewilderbeast,Parenvrilles
noun_1074,Tremensdelirius,Roméomontaigus
noun_1075,Dynamojo,Dynamagie
noun_1076,Burke,Beurk
noun_1077,Mienshao,Shaofouine
noun_1078,Numel,Chamallot
noun_1079,Gracchus Armisurplus,Gracchus Nenjetépus
noun_1080,Haxorus,Tranchodon
noun_1081,Samurott,Clamiral
noun_1082,Freeze Ray,Rayon Congélatueur
noun_1083,Buzzkill,Scie Sautueuse
noun_1084,Mistmenace,Brumenace
noun_1085,Hoodunnit,Kiwoàlàh
noun_1086,Vikavolt,Lucanon
noun_1087,pumpkin pasty,patacitrouille
noun_1088,Murderful,Patibules
noun_1089,Stormcutter,Foudroyant
noun_1090,Pumpkaboo,Pitrouille
noun_1091,Diggersby,Excavarenne
noun_1092,Vulnera Sanentur,Vulnera Sanentur
noun_1093,Klefki,Trousselin
noun_1094,Bloomsang,Chanteflore
noun_1095,sneakoscope,scrutoscope
noun_1096,Tangela,Saquedeneu
noun_1097,Eevee,Évoli
noun_1098,Cherrim,Ceriflor
noun_1099,Vulpix,Goupix
noun_1100,Chill out…,Garde la tête froide…
noun_1101,Peter Pettigrew,Peter Pettigrow
noun_1102,Boltbite,Morsécrou
noun_1103,Timbertoast,Rôtibois 
noun_1104,Swampert,Laggron
noun_1105,Liligant,Fragilady
noun_1106,Gogglers,Mirettes
noun_1107,Death & Chocolates,Choco-mort
noun_1108,Cyndaquil,Héricendre
noun_1109,Greenkeep,Vertécaille
noun_1110,Grotto Gutter,Grottueur
noun_1111,Telly-telly bunkum box,Boîte à fadaises
noun_1112,Face Melter,Défiguratrice
noun_1113,Mykingdomforanos,Zebigbos
noun_1114,Cheshire cat,Grimaçon
noun_1115,Indeedee,Wimessir
noun_1116,Cryogonal,Hexagel
noun_1117,Rainbow drops,Dragées arc-en-ciel
noun_1118,Poliwrath,Tartard
noun_1119,Sliquifier,Sliquifieur
noun_1120,Shivertooth,Dendecie 
noun_1121,golden snitch,vif d'or
noun_1122,Ninetales,Feunard
noun_1123,Vivillon,Prismillon
noun_1124,Salamence,Drattak
noun_1125,Fearsome Flamellion,La Redoutable Flammélite
noun_1126,Oculus Reparo,Oculus Reparo
noun_1127,Oranguru,Gouroutan
noun_1128,Galegrinder,Bourrask
noun_1129,Glameo,Chaglam
noun_1130,Diagon Alley,Le Chemin de Traverse
noun_1131,Bunnelby,Sapereau
noun_1132,Ralts,Tarsal
noun_1133,Gloomlurker,Glissabysse
noun_1134,Tyrantrum,Rexillius
noun_1135,Marcus Ginantonicus,Marcus Sacapus
noun_1136,Dottler,Coléodôme
noun_1137,Belchfast,Jaydo
noun_1138,Parfect,Par-fait
noun_1139,Bargemine,Carroussaille
noun_1140,Sand Wraith,Spectrosable 
noun_1141,Prinplup,Prinplouf
noun_1142,Trorc,Trorc
noun_1143,Pignite,Grotichon
noun_1144,Bonecrusher's Conquest,La conquête de Brisecarcass
noun_1145,Cherubi,Ceribou
noun_1146,Ptenisnet,Courdeténis
noun_1147,Slowpoke,Ramoloss
noun_1148,Clefable,Mélodelfe
noun_1149,Gungeon,Gungeon
noun_1150,Hydrophobia,Eponine
noun_1151,Charmeleon,Reptincel
noun_1152,Drowzee,Soporifik
noun_1153,Pheromosa,Cancrelove
noun_1154,Gorgun,La Gorgun
noun_1155,Elimentaler,Fromager
noun_1156,Gobblefunk,Blablatifoler
noun_1157,Dijester,Dizaistif
noun_1158,Chantecleerix,Chanteclairix
noun_1159,Gasleak,Fwit Degaz
noun_1160,Water of discontent,Batailles d'eau
noun_1161,Kingler,Krabboss
